{
  "averagePlayerLatency": 138.8025199675394,
  "averageWinnerLatency": 85.9787532699547,
  "medianPlayerLatency": 144,
  "medianWinnerLatency": 60.5
}