{
  "averagePlayerLatency": 179.9483712354026,
  "averageWinnerLatency": 158.37947147921366,
  "medianPlayerLatency": 172.5,
  "medianWinnerLatency": 161.5
}