{
  "averagePlayerLatency": 96.6245283018868,
  "averageWinnerLatency": 57.97435897435897,
  "medianPlayerLatency": 76,
  "medianWinnerLatency": 55
}