{
  "averagePlayerLatency": 120.29859091925744,
  "averageWinnerLatency": 64.89750215331611,
  "medianPlayerLatency": 89.5,
  "medianWinnerLatency": 52.5
}