{
  "averagePlayerLatency": 111.39886520688586,
  "averageWinnerLatency": 72.62862942913385,
  "medianPlayerLatency": 88,
  "medianWinnerLatency": 63.5
}