{
  "averagePlayerLatency": 127.33645833333334,
  "averageWinnerLatency": 154.8042071197411,
  "medianPlayerLatency": 129,
  "medianWinnerLatency": 145.75
}