{
  "averagePlayerLatency": 127.9328090709583,
  "averageWinnerLatency": 76.82869038607116,
  "medianPlayerLatency": 116,
  "medianWinnerLatency": 62
}