{
  "averagePlayerLatency": 78.15832187774828,
  "averageWinnerLatency": 60.51023987327449,
  "medianPlayerLatency": 66,
  "medianWinnerLatency": 54
}