{
  "averagePlayerLatency": 131.81804699808427,
  "averageWinnerLatency": 100.26607629427792,
  "medianPlayerLatency": 128,
  "medianWinnerLatency": 92
}