{
  "averagePlayerLatency": 175.3428734633647,
  "averageWinnerLatency": 127.2432983323039,
  "medianPlayerLatency": 160.5,
  "medianWinnerLatency": 116
}