{
  "averagePlayerLatency": 123.02278034173946,
  "averageWinnerLatency": 61.46351899114247,
  "medianPlayerLatency": 105.5,
  "medianWinnerLatency": 51.5
}