{
  "averagePlayerLatency": 141.59133418740848,
  "averageWinnerLatency": 88.1551975241216,
  "medianPlayerLatency": 126.5,
  "medianWinnerLatency": 74
}