{
  "averagePlayerLatency": 137.41897149897864,
  "averageWinnerLatency": 93.38825181371402,
  "medianPlayerLatency": 153.5,
  "medianWinnerLatency": 62
}