{
  "averagePlayerLatency": 119.50372406800811,
  "averageWinnerLatency": 80.82656826568265,
  "medianPlayerLatency": 105,
  "medianWinnerLatency": 73.5
}