{
  "averagePlayerLatency": 128.77298656656615,
  "averageWinnerLatency": 84.64430872907234,
  "medianPlayerLatency": 98.5,
  "medianWinnerLatency": 53
}