{
  "averagePlayerLatency": 92.50773959710041,
  "averageWinnerLatency": 73.86082713754647,
  "medianPlayerLatency": 76,
  "medianWinnerLatency": 70.5
}